{
  "project_info": {
    "project_number": "508129278075",
    "firebase_url": "https://herodex-4ffa7.firebaseio.com",
    "project_id": "herodex-4ffa7",
    "storage_bucket": "herodex-4ffa7.appspot.com"
  },
  "client": [
    {
      "client_info": {
        "mobilesdk_app_id": "1:508129278075:android:8643d9b3fcf50f9c4b4ade",
        "android_client_info": {
          "package_name": "com.example.herodex"
        }
      },
      "oauth_client": [
        {
          "client_id": "508129278075-9bn9t4iu6qnulr39auaj0bf84aovr71l.apps.googleusercontent.com",
          "client_type": 3
        }
      ],
      "api_key": [
        {
          "current_key": "AIzaSyAJ-oxcbnYpfTtFH0tiWhvox0ztQDeIPco"
        }
      ],
      "services": {
        "appinvite_service": {
          "other_platform_oauth_client": [
            {
              "client_id": "508129278075-9bn9t4iu6qnulr39auaj0bf84aovr71l.apps.googleusercontent.com",
              "client_type": 3
            }
          ]
        }
      }
    }
  ],
  "configuration_version": "1"
}